This honest trailer was simultaneously funny and consistently reminded me how awesome these movies are lol,amusement,positive
The John Wick movies are just secretly training Keanu Reeves to be an actual assassin,neutral,neutral
The lack of cuts during the fight scenes is what makes these movies so cool,admiration,positive
If Keanu and Halle had a kid, it would be the best looking, un aging, immortal badass ever.,admiration,positive
The Matrix: Overly complicated dystopia running amok and Keanu sacrifices himself
John Wick: Overly simplified dystopia run amok and Keanu sacrifices everyone else,neutral,negative
"áµ—Ê°áµ‰ áµ˜â¿áµˆáµ‰Ê³Ê·áµƒáµ—áµ‰Ê³ Ê°áµ‰áµƒáµˆË¢Ê°áµ’áµ—",neutral,neutral
"A man with Karen hair killing anyone who gets between him and the manager."
 What a genius line. LMAO.,amusement,positive
You deserve an Emmy after naming all the different type of head shots. I love you 3,000.,love,positive
Fair play to the editors of Honest Trailers. Especially ones where they do a gag like the head shot one. Thatâ€™s a lot of work.,admiration,positive
Imagine if John Wick just left the gas station a little earlier.,neutral,neutral
They forgot the 'Pencil Us In', the 'Stabbing Headache', the 'Eye Must Scream' and the 'Quick Reload/Double Kill' Headshots. Also throwing things at people (Helmets, Guns, Unbalanced Knives).,neutral,negative
"john wick is immune to cars running him over" killed me,sadness,negative
You'd think at one point in the sequels, one assassin would put their gun down and just walk away.,neutral,negative
"My money's on Tom.. little guy freaks me out..." I died at that line, it made me laugh so hard,amusement,positive
I loved the cameo from the The Raid martial artists and the fact he didnâ€™t kill them. It was a nice little Easter egg that seemed like a mark of respect.,love,positive
Those John Wick movies and the Atomic Blonde movie are just epic because  there are so very few cuts in the action scenes.  Also love Scott Adkins output. That man is such an underrated action star.,admiration,positive
6:03 the way he made his voice sound like he was underwater for the â€œUnderwater headshotâ€ was so cool,admiration,positive
Loved how you named all the headshots! Loved the underwater one the most! Honestly, you guys rock!,love,positive
_"Getting run over is good, it builds resistance"_  - John Wick,neutral,positive
Ok the underwater voice really had me, it came out of nowhere.,neutral,positive
Lionsgate is filming 4 and 5 while writing and planning a 6th and 7th. Good thing Keanu is immortal.,admiration,positive
it may go on and make the story more ridiculous, but those well choreographed fight scenes without too much cuts and without shaky cam will always be intense and entertaining to me,amusement,positive
The 'Who needs a gun headshot' was a perfect finisher. 

The muffled voice underwater headshot was epic. 

Well done.
 Lol,admiration,positive
I love how this video pointed out so many flaws of these moves but still managed to make these movies look awesome af,love,positive
I just adore how Screen Junkies and our dear Epic Voice Guy can make a movie sound so terrible and yet so awesome at the same time.,admiration,positive
Exactly. Everyone in the world is part of the underworld because it's Keanu's own Matrix that they made specially for him,approval,neutral
I thought the headshot names won't end ğŸ¤£ğŸ¤£ğŸ¤£
And "the John Wickipedia" killed me ğŸ¤£,disappointment,negative
The novelty of the action style is what makes John Wick unique,neutral,positive
This trailer makes me realize that John Wick 3 was so crazy that I donâ€™t even remember much of John Wick 2.,realization,negative
You guys are awesome this was hands down the best honest trailer ever!!!!!! Those headshot names had me literally rolling. Please never stop!!!!!,admiration,positive
The instance where he says â€œgiving him immunity being run over by carsâ€ and John wick getting hit by 2 cars at the same moment was hilariousğŸ˜‚,amusement,negative
I wish Keanu would upload his reaction to this Honest Trailer. Somebody tweet it to him.,desire,neutral
I watched the making of and was very surprised how much Halle Berry trained for this role. For Keanu it was kinda known, but she was awesome, too.,surprise,positive
I always thought that the assassins who appeared in front of John Wick did it to show respect. Imagine you get to meet the best in your line of work.. in this case killing, but  it's more than work to them, it's their way of living so John Wick is kind of a living legend, they don't think dying in his hands is a bad thing, that's what i like to think anyways,approval,negative
Trivia: Keanu was so good with his gun techniques that he was moving too quickly. The director told him to slow down. Source: TFBTV,neutral,negative
I've got to tell you, I have been watching these videos from a long time now and the headshot sequence was one of the finest moments in this channel,admiration,positive
â€œThe under water headshotâ€ cracked me up,amusement,negative
1:25 that press check... a work of glory. And apparently model-specific. It's a model of gun famous for jamming, so he checked it didn't jam.

Pachino also does a press-check in Heat, in the lift with shotgun Indian, but his press-check is a cutway to a double, it's not Al.,neutral,neutral
in the first movie, The Continental is definitely a regular hotel, that is also secretly an underworld assassin hotel... for example, to get to the club, he has to first walk through the laundry room and give a password or something... and it definitely doesnâ€™t have a rooftop garden and several floors made entirely out of glass.,neutral,neutral
The menagerie of "headshots" had me laughing for a good 10 minutes!! Awesome job!,amusement,positive
â€œJohn Wick Chapter 3 Lorem Ipsumâ€ was understated genius,admiration,positive
Pretty much all of the kills in John Wick 3 can be justified for pretty much one reason- everybody is trying to kill him for the ridiculous bounty on his head.,neutral,negative
Say what you will about sequel baiting, the "Well, are ya, John? â€¦.. Yeah." at the end of Parabellum was masterful, and sends chills down my spine every time I watch it.,admiration,positive
That Halle berry cat woman nickname reference was pure genius,admiration,positive
"Don't bother watching the rest of Meet Joe Black, this is the only good part."

And I took that personally.,neutral,positive
Right now tryna avoid incredible pain. This made me lmao. Thanks guys.,gratitude,positive
This was the best yet! ğŸ¤£ The headshot montage was just frickin hilarious,amusement,positive
incredible trailer!!! lmbo!!! mad and total respect for 2:10 and 4:55!!! I think Keanu's brain frequency is significantly higher than the average man's and that's why we don't get him yet we still love him and we know he's wise!!!,admiration,positive
You got Keanu Reeves who keeps shooting and Tom Cruise who keeps running...eventually these two got to meet up at some point.,neutral,neutral
We admire how the third movie shows the unconventional way of slaying someone at the library with school-related materials when fookin pencil isn't around. One good informative entry for Wickipedia.,admiration,positive
I'm disappointed you didnt call him the Pencil Punisher during the naming section,disappointment,negative
OKAY ğŸ˜‚ the headshot list was FREAKIN brilliant...but the "underwater headshot" killed me ğŸ˜‚ğŸ˜‚ğŸ˜‚,admiration,positive
I love them more and more with every sequel.,love,positive
You got to admit John wick has the most incredible fight scenes like of any movie they are so brutal and realistic and for all you gun lovers out there they actually cohere to have guns work with having to reload and running out of ammunition without firing a hundred rounds,admiration,positive
This guy naming the headshots is the best thing I have heard all year. Change my mind.,admiration,positive
This one was genuinely funny. Soo many great 1 liners.,amusement,positive
I have never seen this series of movies, but I bet this trailer is far better.  Loved the different types of headshots!,love,positive
That song choice during the headshots bit was pure comedy gold.,amusement,positive
"Who even needs a gun ?" Headshot ,was the  best,admiration,positive
I lost my breath for laughing so hard at the Meet Joe Black joke! ğŸ˜…ğŸ˜‚ğŸ˜‚ğŸ¤£,amusement,positive
This is by far the funniest Honest Trailers has been in a while.,amusement,positive
This is probably the most I have ever laughed at an Honest Trailer!,amusement,positive
The headshot naming was so funny that I'll even forgive the gross error of calling the reason behind Parabellum 'vague'. It was about basic survival.,amusement,negative
Here just to say the headshot collage is just genius.,admiration,positive
Epic writing, Screen Junkies. ğŸ¤£ Hats off! ğŸ™ğŸ»,admiration,positive
The headshot bit and the end was amazing ğŸ˜‚,admiration,positive
Plot twist: John Wick is really Neoâ€™s mind being saved on a training server/mini-Matrix for when the main Matrix needs him again.,neutral,neutral
I dare you say. "Screen Junkies is nothing without the epic voice guy. Man, I should get a raise or else.",neutral,positive
Thank u honest trailers. U guys put that together perfectly. And thanks to the honest trailer voice dude for making it funny,gratitude,positive
loves animals, loves guns, love powerful perfectly timed music and...Keanu. its so perfect, how can you not love this. 
rules of the world...never get into a fight with an actor that trains like Tom or Keanu.,love,positive
He wasnâ€™t killing people in John Wick 3 for â€œVague reasonsâ€. He was very clearly on the run because of the bounty that he had on his head from killing on continental grounds at the end of chapter 2.,neutral,negative
OK, 99% of the alternative characters names you come up with I don't get the joke or the reference, but this "Poorpheus" was top notch.
PS: Also the "Lorem Ipsum".,approval,positive
I think we're all waiting for a movie with a fight between Keanu and Tom. That would be epic.,excitement,positive
The edits and clip transition on this video were awesome,admiration,positive
that fighst sequence with Halle Berry and the dogs was probably the coolest in the whole trilogy,admiration,positive
Damn. This makes me want to watch those movies again. Thanks, SJ.,gratitude,positive
HAHAHA Oh gosh, the Meet Joe Black clip.. SO GOOD! I've watched that so many times on repeat. I love the Headshot montage at the end! :),admiration,positive
OMG.  You made me laugh so hard I got a cramp.  It still hurts.  But damn, that was FUNNY!,amusement,positive
Everyone talks about amazing action. But the cinematography is top notch too, especially in 3. Action movies rarely look this good visually.,admiration,positive
I'm in for Tom Cruise playing the Big Bad in John Wick 4. Or an Ally. He'd turn the whole filming into a contest of who can train harder and personally do crazier stunts. And would probably win both.

This is actually an awesome idea.,admiration,positive
Came for some solid one liners, stayed for the head-shot montage,neutral,neutral
I laughed harder at this honest trailer than I have at any other.,amusement,positive
That voice change for the underwater headshot was gold I died,neutral,positive
"Rejoin this legendary assassin, whose name is still a laxative for criminals",neutral,negative
If John Wick lived in the Walking Dead. Nothing but head shots and the world is saved.,neutral,positive
This was incredible! Bravo!,admiration,positive
That "freeze tag" line.... I lost it! Spit up my soda! Keep up the good work!,admiration,negative
The intimate standing headshot. The lift the lid ğŸ˜‚ğŸ˜‚ğŸ˜‚,amusement,neutral
Loads of people want this scene.  That the reason it stands out.,neutral,positive
Thanks, Epic Voice Guy! What a great idea to put Tom Cruise vs. Keanu Reeves. I would like to see that happen in some way.,gratitude,positive
This Honest Trailer is breathtaking,admiration,positive
This just made me appreciate John Wick even more... 

Y'all do realize that Tom Cruise has played a vampire and Keanu has been spotted in photos from the 1800s? This is clearly an example of Van Helsing or perhaps Highlander... at some point, either Tom or Keanu is going to win their centuries long game of cat and mouse and there will be only 1...,realization,positive
One of the best honest trailers in a while,admiration,positive
"Giving him immunity to being run over by cars"

*Laughs in John Wick 4",neutral,negative
Oh man, Iâ€™ll never forget how that dog came back alive from an headshot to kill half Casablanca,surprise,negative
That list of head shots had me in tearsğŸ˜‚ğŸ¤£,sadness,positive
The muffled speech for "The Underwater Headshot" was a nice touch. ğŸ˜„,admiration,positive
One of the best.  The headshot summary is excellent.  I am still wiping the tears from my eyes...,admiration,positive
The underwater headshot had me dying!! ğŸ¤£,surprise,positive
This is the best honest trailers i've seen in years, congratz my dudes!,admiration,positive
The "lift the lid" head shot. Had me rolling!,neutral,positive
The headshot naming are perfect! I wish they could be used for trophy achievements.,desire,positive
They need to do a Mission Impossible/ John Wick crossover. Where Tom has to infiltrate a "Secret Underground Organization" that wants to take over the world. John Wick finds out the that US Government has sent some operatives to kill the High table, but is actually setting them up for failure, but Tom holds a marker for John.,neutral,negative
This trailer is so much better than both movies it refers to, i was close to rewatch them OMG,admiration,positive
The Tom Cruise bit was priceless xD
Please say: â€œKano got gnomedâ€,admiration,positive
One of your finest honest trailers,admiration,positive
Love the Stylish & Classy take on the back stories & the well reEdited trailers! Top Job! Thanks! ... JWğŸ•¯ğŸŒ·ğŸŒ¿,gratitude,positive
Keanu is pretty clear that he doesn't do his own stunts. He does the fighting, but when it comes to things like getting hit by a car, he has stunt men whom he often praises.,neutral,neutral
"John Wick: Lorem Ipsum" is just the perfectly semiotical statement about a franchise like this.,neutral,positive
Funny thing about the cars - he got hit by one in the first film and it knocked him unconscious. Maybe that just enabled him to build up a resistance to high-velocity vehicle impact.,amusement,negative
"Allez Cuisine!" killed me.  I'm dead now.  Iron Chef Head Shot.,sadness,negative
Some movies hire extras, John Wick franchise hires head-shots.,neutral,neutral
I love these films and this is amazing! Also is there a mission impossible honest trailer? Like a whole franchise one or any individual ones?,admiration,positive
One of the most funniest Honest trailer that I have ever seen.
O the tears of joy and laughter,amusement,positive
Man,  those John Wick films did  have a lot of headshots. Good job Honest Trailers putting together all the Headshots together. That's a LOT of headshots! 5:25-6:53.,admiration,positive
I absolutely lost it with the headshots compilation! Bravo!,admiration,positive
That headshot ending compilation was funny AF!!!! ğŸ˜‚,amusement,positive
1. The headshot dictionary: PERFECTION! 2. Your videos reach a sky-high level when you allow for some time to pass after the movie is released. 3. Please do an Honest TV Trailer for THE STRAIN! Thank you!,gratitude,positive
This has to be the best honest trailer so far ğŸ˜‚,admiration,positive
You finally had me at the underwater headshot ğŸ˜‚ğŸ˜…ğŸ˜…ğŸ˜‚ğŸ˜‚,approval,positive
appreciate the "underwater" muffle headshot!,admiration,positive
that laxative for criminals line had me rolling cus it so true lol,amusement,positive
It makes sense thatâ€™s heâ€™s gotten better at fighting in each one. First movie is him fresh coming back out of retirement for years. Subsequent two are him having dusted off the kinks gradually lol,amusement,positive
The car thing is actually a strategic choice! When you know you're about to get hit by a car, but you don't have time to get out of the way, your best chance of survival is to jump onto the hood! In the Brad Pitt clip, he doesn't move, and his legs are clearly broken horribly. But, John (who was very well trained) knew this, and turned to the side and did a little jump on to the hoods of the cars to avoid injury.,neutral,negative
We need a movie with Tom Cruise and Keanu Reeves together ğŸ™‚ that would be the one to watch,desire,positive
The throat slash plus headshot combo platter ğŸ˜‚ğŸ˜‚ğŸ˜‚ğŸ˜‚,amusement,neutral
"In John Wick 3, he'll kill so many people for such vague reasons..."

He's killing them because they're trying to kill him for the bounty placed on his head at the end of 2.,neutral,negative
The blatant overkill had me in tearsğŸ˜‚ğŸ˜‚ğŸ˜‚,sadness,negative
The fact that this isn't demonetized yet is amazing,admiration,positive
This has to be my favorite honest trailer in awhile.,admiration,positive
I absolutely loved that you guys used the music from Carmen in that headshots montage!!! that was awesome.,admiration,positive
"Join this legendary assassin, whose name is still a laxative for criminals"...that was funny!ğŸ˜‚,amusement,negative
Poorpheus

"You see rats with wings but i see the Internet"

I lost it,sadness,negative
Give me goose bumps with the line: " For I Am God's Mighty Angel....For I Am Eternal ! ",excitement,positive
The editor who censored all those headshots. Bravo! ğŸ‘ğŸ»,admiration,positive
Okay, now I want to see a Tom Cruise vs Keanu Reeves action movie.,desire,neutral
That Meet Joe Black scene took some gasps from the theater audience,neutral,positive
I laugh so hard at the John Wikipedia part ğŸ¤£,amusement,positive
The fact Keanu Reeves and Halle Berry are in their 50's but somehow still look good.,admiration,positive
My only complain with this (for now) trilogy is why did John cut his finger for The Boss or whatever if he was just going to betray him so fast,neutral,negative
The underwater headshot voice made me chuckleğŸ˜‚,amusement,positive
The horse kicking scene was just too much. ğŸ˜‚,amusement,positive
Honestly the best honest trailer EVER,admiration,positive
I was in the theater and laughed so hard when brad pit got hit by those cars that the lady next to me got mad at me.,amusement,negative
When "Meet Joe Black" was in theaters, my friends would let me sneak into several showings for that Brad Pitt death scene, and there was ALWAYS that ONE person that would bust out laughing like I did. Good times.,joy,positive
@2:44  while I *DID* appreciate the attention to detail of the missing finger ğŸ˜³for the rest of the movie: I find it hard to believe that John Wick has lived the life he's lived (EVEN just the parts we've seen onscreen) and still had all ten fingers up to that point.,admiration,positive
John Wick's one weakness is cars. I love how each sequel he gets hit by more cars.,love,negative
Keanu reeves is the Wickerman. Way funnier than it should be,amusement,positive
This was incredible. Thank you.,gratitude,positive
And the Movie Award for the best looking and probably most headshots go to the john wick trilogy ğŸ‘ğŸ½ğŸ‘ğŸ½ğŸ‘ğŸ½,admiration,positive
Adding the muffled underwater effect for the underwater headshot was clever and unexpected.,surprise,positive
LMMMFAOO â€œThe blatant overkillâ€ was my favorite! These Honest Trailers keep getting better,love,positive
That Meet Joe Black scene was so funny ğŸ¤£ğŸ¤£ğŸ¤£,amusement,positive
I thought the Underwater Headshot was funny enough, but the John Wickipedia beat it for a long shot ğŸ¤£,amusement,negative
The moment when John wick says yeah in the end of chapter 3 he looked and sounded so terrifying that it was more scarer than most horror movies,fear,negative
Hates humanity, but loves animals...
Never realized why I love this movie so much until I heard it put that way.,love,positive
To the producers of Mortal Kombat, take note. This is how good action choreography is done.,admiration,positive
Well the cars weren't going that fast when they hit him.... Now the fall from the building at the end of wick 3 was superhumanğŸ¤£ğŸ¤£,neutral,positive
This is so good, I love it! :D,love,positive
â€œThe underwater headshotâ€
â€œJohn wickepediaâ€ğŸ˜‚ğŸ˜‚ğŸ˜‚ğŸ˜‚,neutral,neutral
Even in the trolls, John Wick looks badass,admiration,positive
Those Headshot Types still make me roll the Floor laughing :D,amusement,positive
chapter 3 has the least vague reasons of all, not to get murdered.,neutral,negative
The head shot parade man you nailed it ğŸ¤£ğŸ¤£ğŸ¤£ğŸ¤£ğŸ¤£ğŸ¤£,admiration,positive
the starring headshots part is so amazing!!ğŸ˜‚ğŸ˜‚,admiration,positive
Would love to see a honest trailer for the criminally under rated Shoot 'em up.,desire,negative
Iâ€™m so glad he voiced the â€œcarâ€™s extended warrantyâ€ bit. My lifeâ€™s complete.,joy,positive
You did it! This is the new best Honest Trailer!,admiration,positive
the whole series was worth it for that awesome shot of John Wick riding around NYC on a black stallion.,admiration,positive
Would love to see a Tom and Keanu crossover,desire,positive
Beautifully  done.,admiration,positive
The headshot buffet was a killer keep up the good work :),admiration,positive
The Under Water headshot, had me laughing!!,amusement,positive
The â€œJohn Wikipediaâ€ is by far the best name for a headshot. ğŸ˜‚ğŸ˜‚ğŸ˜‚,admiration,positive
"Even the Homeless are a highly trained network of Super Spies" 

So That's why homeless people are always giving us creepy stares,neutral,negative
1:09 I love the side-by-side comparison.,love,positive
That Hot Rod reference was perfect!!,admiration,positive
Ohh
I can't stop laughing after the Headshot Sequence
Its amazing, how can you make something like that,amusement,positive
The list of headshots ğŸ¤£ can't decide which one made me laugh the most haha,amusement,positive
OMG that was one of the funniest HT's ever! The headshot montage sold it.,amusement,positive
â€œAnd I killed sparky too!â€
(John wick shows up!)
Also â€œJohn Wick-ipediaâ€ ğŸ˜†,neutral,positive
LOREM IPSUM at the end really got me. Best Honest Trailer ever!!!,admiration,positive
Yup, that headshot compilation was genius ğŸ˜‚ğŸ’¯,admiration,positive
6:01 The underwater voice was a nice touch.,admiration,positive
Swear to god, these videos keep getting better,admiration,positive
My moneys on Keanu.  His stunts are a lot less risky than Cruiseâ€™s.  The most Keanu had to do was some stunt driving, coordinated fight scenes, and rolling down the stairs.,neutral,negative
You gotta do an Honest Trailer for Falcon and the Winter Soldier.,neutral,neutral
5:07 oh you didn't just take that shot. You just made John Wick look like a trained puppy with that savagery.,neutral,negative
...blowing bubbles "rhe ruunderrwwaaterr rheadshhot"

Lorem Ipsum also got me ğŸ¤£,neutral,positive
The underwater headshot voice was hilarious!,amusement,positive
The scary part is I actually think he can shoot like that for real..,fear,negative
tbf about the car thing. Even getting hit by a slower car can be damaging. It's why stuntmen tend to want to take the impact in a certain way. So it wouldn't be surprising if trained assassins took the same trick so they could minimize their injuries too.,neutral,negative
Strange: Is that all the headshots?
Wick: You wanted more?!,curiosity,neutral
ok, this one was good..... after a really long time, this one was really good..... especially the "starring" sequence..... underwater headshot and lift the lid headshot are my fav......,admiration,positive
Man he really finds a way to make a movie look like ishğŸ¤£,neutral,positive
I loved that Iron Chef America reference.,love,positive
The head shots part was so funny!,amusement,positive
"Poorphius"  , that was a good one....,admiration,positive
Please do an Honest Trailer for The Falcon and The Winter Soldier,neutral,neutral
Love how you muffled "underwater headshot" ğŸ¤£,love,positive
Thank you so much for the Hot Rod reference. Love it.,gratitude,positive
Say what you want, John Wick was the most badass movie in a long time.,admiration,positive
this is one of the best ones you've ever done,admiration,positive
The 2 Raid guys letting him get up drove me crazy.,excitement,negative
I think he literally went through every single head shot in all the movies lmao,amusement,neutral
The entire headshots starring had me LMAO,amusement,neutral
I still remember laughing in the theater when Brad Pitt got tag teamed by traffic.,amusement,negative
The Hot Rod reference gave me all of the feels,neutral,positive
I'm not sure what's powering Tom cruise, but I'm certain it will keep him going for years to come,optimism,positive
The Joe Black reference had me crying,sadness,negative
"The John Wickipedia",neutral,neutral
Keanu Reeves is a man of focus, commitment and sheer fucking will!,admiration,positive
A Hot Rod reference for Ian McShane?! Well played sir! Now do a Hot Rod honest trailer!,admiration,positive
best honest trailer script/episode ever!!
so many headshots explained XD,admiration,positive
You're not wrong but that headshot montage made me want to watch them again,desire,positive
3:06 - My son asked me what I was laughing out loud about.  So I showed him; great family bonding moment.  ğŸ˜„,amusement,positive
Calling Mark Dacascos, "Allez Cuisine!" was the completion my life needed right now.
Thank you!,gratitude,positive
Remember when screen junkies was more than just honest trailers.....good times,joy,positive
He didn't kill people in 3 for vague reasons, he killed them because they were trying to kill him. He would have been fine just going home with his new dog if they hadn't put a contract out on him.,neutral,negative
"Giving him some kind of immunity to being hit by cars" ğŸ˜‚ğŸ˜‚,approval,neutral
I forgot how violent this is until I watched all the headshots in sequence,realization,negative
I laughed way too hard while watching this and foolishly trying to drink coffee. LOLOLOLOLOLOLOL,amusement,positive
A universe that doesn't make sense.
Comic book universes: sweats intensely,annoyance,negative
Assassins not sneaking or snaking him is all about respect for their art and trade.,neutral,neutral
John Wickâ€™s motivations for killing everyone havenâ€™t changed just because itâ€™s a new movie. Very little time has passed in these 3 movies. Heâ€™s still pissed about his dog.,neutral,negative
Haha the "Lorem Ipsum" at the end made my day :D,amusement,positive
I love the muffled underwater headshot.,love,positive
Now I want Tom Cruise in John Wick 4,desire,neutral
The crossover I'm waiting for is John Wick vs. the people who've been trying to reach me about my car's extended warranty.,neutral,neutral
The starring headshots list might be the funniest thing I've seen in these videos yet.,amusement,positive
Keanu is practical close combat master....cruise is a practical big stunt master,neutral,neutral
Best part about this honest trailer was "We've been trying to reach you about your car's extended warranty",admiration,positive
I say we all need a Wick-verse!,neutral,neutral
the headshot part got me in tears...hahaha,amusement,positive
usually honest trailers keeps me from seeing a movie i didn't want to watch anyway.
but this one makes me want to re-watch what i've already seen multiple times.
john wick is a badass.,admiration,positive
By far the BEST honest trailer,admiration,positive
I fully expected storm puns for John wick 3.,neutral,neutral
Not even the Vehicular Double Tap can kill Keanu, hes that awesome. Sorry Brad lol,amusement,negative
I love this one!... Pls do one for vikings!!!,love,positive
I dare you say. "Screen Junkies is nothing without the epic voice guy. Man, I should get a raise or else.",neutral,positive
I laughed at 'Dogwoman' way more than I probably should have.,amusement,positive
'Lorem Ipsum' had me on the floor.,neutral,negative
Ok... I have to say: Your BEST WORK EVER!!! And the "John Wikipedia" tops it all!!,admiration,positive
you should do the original 70s Lone Wolf and Cub movies.... at this point it's become influence of half of pop culture. Music from Shogun Assassin would be fun.,joy,positive
Damn they hit him with those cars like i hit npcs in Saint's Row ğŸ¤£,neutral,negative
The hot rod joke was gold,amusement,positive
In John WIck 3 he'll kill so many people for such vague reasons ... What?! The dude was trying to survive an assassin mob LOL,amusement,negative
My favorite Honest Trailer of all time! Starring Headshots!!!,admiration,positive
I feel like John Wich is a genre now and Nobody is the first entry to that genre,neutral,neutral
0:48 So basically like Doomguy. At first it was about the bunny and then he got addicted to RIPing AND TEARing.,neutral,negative
You forgot the "Just lay there for a second because I have to reload" headshot!,neutral,negative
The honest trailer for John Wick 4 is going to be off the chain,neutral,negative
The John Wickipedia is a really good one lmao,admiration,positive
Just a thought....... don't? ğŸ˜‚ğŸ¤£ğŸ¤£ğŸ˜‚ğŸ¤£ğŸ¤£ğŸ˜‚
I had this exact reaction every time an assassin came out and either talked with or challenged Wick before trying to kill him.,approval,negative
2:08 - 2:17 what an honest trailer really looks like,neutral,positive
i cant even, best honest trailer ever!!! head shots for days,admiration,positive
I enjoyed the first one a lot. 
This Honest Trailer though reminds me why I found the next two so over-the-top ludicrous to the point I could no longer suspend my disbelief and enjoy them. I had to be dragged to see Parabellum. That movie was a caricature of good action movies.,joy,positive
when your movies are so good you need to put two movies together to even have enough material to make fun of it,amusement,positive
My favorite teleporting John Wick moment is at the start of JW3 when he somehow runs the 4 miles from Central Park to Chinatown in under 5 minutes.,joy,positive
And the academy award winner for Best Picture is... Nomadland, which I think deserves its very own Honest Trailer,admiration,positive
I wish the headshot lists are actually on a menu for a themed restaurant,desire,neutral
I like how you did the Beetlejuice comment word for word lol,amusement,positive
that underwater & wickipedia parts killed me ğŸ¤£,disappointment,negative
You had me in â€œunderwater headshotâ€,neutral,negative
Simply one of the funniest Honest Trailers I've ever watched,amusement,positive
I donâ€™t know why, but I think that Boban MarjanoviÄ‡ would make a really good Bizzaro in a DC movie.,confusion,positive
The third film was so over the top with fighting scenes I was laughing all through the film.,amusement,positive
Love the headshot part haha,love,positive
To be fair, in 3 he's killing everyone because everyone is trying to kill him.,neutral,negative
Best Honest Trailer ever.,admiration,positive
All true, but I admire any action film where the characters RE-LOAD their guns constantly.,admiration,positive
John Wick is just one of the training programs Neo took,neutral,neutral
You actually left out the best part of MJB, the part in the crash when his tooth actually jumps out.,neutral,negative
"John Wick Chapter 2 & John Wick 3 Lorem Ipsum" ğŸ˜‚ğŸ˜‚ğŸ˜‚ good one,admiration,positive
Best honest trailer yet.,admiration,positive
My wife asked if the John Wick movie that I was watching was another level of the Matrix..........now I think she is on to something!,neutral,neutral
I lost it at " POORPHEUS". It's so true lol.,amusement,positive
Keanu Reeves still badass,neutral,positive
This. This is perfection.... The fucking Headshots list?! Amazing. *Standing Ovation*,admiration,positive
3:00 Except.the book, because THE BOOK IS ON THE TABLE.
SÃ³ os BR vÃ£o entender a referÃªncia.,neutral,neutral
Rejoin this legendary assassin whose name is still a laxative for criminals.

Best line yet!!!,admiration,negative
Loved "The John Wickipedia" line. Lol,amusement,positive
Assassin Group Chat: You just left the chat.
Every assassin: Excuse me? 
You: Gets killed for leaving group chat.,neutral,negative
To be fair, this is the ultimate movie for gun enthusiast.,admiration,positive
That scene when John wick touch the stairs and saved himself from being shoot, I thought it was really cool back then. But now that this guy pointed out how it looked like they're playing a game, I laugh so hard hahahaha lol.

What kind of brain would you need to see all these funny moments when they seem cool at first sight?,amusement,positive
Bloody good movies with bloody good camera work,admiration,positive
In Chapter 4, John Wick will take out the whole Table with one arm, no eyes and being tied to a wheelchair.
Gotta love how all his injuries add up in every movie haha.,amusement,positive
I am so ready for the FALCON AND THE WINTER SOLDIER honest trailer,excitement,positive
*That Underwater headshot* ğŸ¤£,neutral,positive
Thank you for recognizing the cinematic achievement that is Hot Rod,gratitude,positive
â€œJohn Wick Chapter 2 and 3: Loren Ipsumâ€.
I loved that.,love,positive
6:11 - the John Wickipedia - I almost died on that one ğŸ¤£ğŸ¤£ğŸ¤£ğŸ¤£ğŸ¤£ğŸ¤£,sadness,positive
This is what I'm suggesting. perhaps one day could probably do an honest trailers video about every movie directed by either Taika Waititi, Jared Hess, the Coen brothers or the Farrelly brothers.,neutral,neutral
they really need to put Keanu Reeve and Tom Curise together in the same movie before they retire,neutral,negative
And yet I will still go in 10 years to see John Wick 7 or 8 whichever it will be, and so will you.,optimism,positive
That headshot montage was glorious,admiration,positive
holy headshot batman! those headshot names got me laughing like haven't laughed in a long long while.ğŸ˜‚ğŸ˜œğŸ˜‚,amusement,positive
The head shot part omg hahahah the â€œjohn wickipedia head shotâ€ hahahah omggg love this,amusement,positive
The Mercy headshot killed me LMFAO!,amusement,positive
Love these movies.,love,positive
Damn, John Wick sounds like a serial killer at this point lol all these head shots. I told myself "he just doesn't want to miss" lol,amusement,negative
These kills made want to rewatch the movies.,desire,positive
saw both of them on cinema

would do it all again if i could,neutral,positive
John Wick is an alternate reality version of Neo that stayed in the Matrix..,neutral,neutral
This video reminds me why I only really love the first film in this franchise.,love,positive
Man, I can't wait for the John Wick 4 honest trailer.,excitement,positive
â€œStraight making him teleport sometimes â€œ shows John wick dissapear and the Asian guy look shitless LMFAO i almost just died on my strawberry kiwi cool-aid jammer,amusement,negative
Hilarious funny of all the different headshots in the John wick movies ğŸ˜‚,amusement,positive
Couldnâ€™t stop laughing at the, also staring headshots section,amusement,positive
So he very understandibly killed everyone 

Me: I get it,neutral,negative
LOL That headshot montage was fantastic!!! XD,amusement,positive
Joker: makes pencil disappear
John Wick: makes men disappear,neutral,neutral
"We've been trying to reach you about your car's extended warranty."  Nearly took me out!!! Hilarious!!!  Next time that robo call gets through, I'm going to think on your voice over! :-),amusement,positive
"I Used to Love H.I.M." Let me find out screenjunkies has some 90's hip hop heads lol,amusement,neutral
I love the Wick movies, but seriously, one headshot is enough to move on to the next henchman.,love,positive
He teleported because he still had some matrix powers.,neutral,neutral
It's a good thing Thanos didn't see John Wick before invading Earth in Avengers Endgame or he would have had his troops give everyone head shots when they started taking of their helmets to show who they were before the big fight.,neutral,negative
The mercy kill headshot ğŸ¤£ğŸ¤£ğŸ¤£ğŸ¤£,neutral,positive
We NEED a "The Falcon and the Winter Soldier" honest trailer,desire,neutral
Anything with Tom will get a laugh out of me!,amusement,positive
Underwater headshot was a nice touchğŸ˜‚,admiration,positive
The ending of John wick 2 just made me yell out. So wait everyone is an assassin?,curiosity,negative
Whelp, you don't have to tell John Wick he should've aimed for the head.,neutral,neutral
That headshot montage...*chef's kiss*,neutral,positive
Man, I left a pitch meeting for this one,neutral,negative
This was amazing.. the collection of headshots ....,admiration,positive
Yes! Finally! I've been waiting for this!,excitement,positive
See this is what happens if Ted didn't pass his history exam.,neutral,negative
Is it OK that I'm laughing so hard at the head-shot montage, I've peed my pants?,amusement,negative
The headshot ending is gold,neutral,positive
The John Wikipedia is my favourite moment in John wick 3,love,positive
Mahn...Toms laugh was hilarious,amusement,positive
I'm still waiting for John Wick to be part of the Fast and Furious franchise.,desire,neutral
The trained assassins approach Wick from the front cause they've seen what happens to those that try to sneak up on him. He at least has some mercy on those that try taking him on face on,neutral,negative
Mission Impossible and John Wick are so many miles above any other action franchise.,neutral,positive
Keanu learned a few tricks from his Matrix movies how not to get killed by a fast car head on!! Roll with it and you will be fine.,neutral,neutral
You canâ€™t deny tho..  HES PRETTY BADASS. Even for being older.  Heâ€™s still one of my fave actors. ğŸ‘ŒğŸ¼,admiration,positive
OMG! That Meet Joe Black comment about that being the only good scene is a 1000% accurate statement. That movie was dreadful, except for that one scene.,fear,negative
Imma just be standing here awaiting the Falcon and the Winter Soldier honest trailer...,neutral,neutral
Wickipedia got me ğŸ˜‚ğŸ˜‚ğŸ˜‚,amusement,positive
Chapter 3 was exhausting and not in the best way. Chapter 2 was the perfect balance and the best of the three.,disappointment,positive
Cant wait to see what they gonna say about chapter 4 lmao,amusement,positive
We need Falcon And The Winter Soldier Honest Trailer, the world needs it,desire,neutral
They are not movies they are just Keanu's daily routine,neutral,neutral
Just the amount of extra +25s for the headshots John Wick gets would beat any of my COD scores ever.,neutral,neutral
â€œCompenising for somethingâ€ Lol genius 4:15,amusement,neutral
The grab and go head shot ğŸ¤£ğŸ¤£ğŸ¤£ğŸ¤£,neutral,neutral
5:23   ALLEZ CUISINE joke from iron chef  kill me hard  ğŸ¤£ğŸ˜…ğŸ˜‚ğŸ¤£ğŸ˜… didnt expect that one,annoyance,negative
"my money's on Tom, but he kinda freaks me out",neutral,negative
Since Common is in John Wick, does that mean Wick and Smokin' Aces share a universe?,confusion,neutral
How cool It would be to have keanu and Tom Cruise in the same movie?,curiosity,positive
Lmao! Headshots list was epic AF,amusement,positive
Now i wanna see a fight between Neo and John Wick,desire,neutral
The "Underwater Headshot" got me hard lol!,amusement,positive
"The mercy kill headshot"
Me: how appropriately named,neutral,neutral
The head shot reel is epic,admiration,positive
These movies has the best drinking game of all time. Every time someone says John's name in any capacity, drink up.,admiration,positive
That was a fucking awesome Honest Trailer!,admiration,positive
'Come on in headshot' is what I use in video gamesğŸ˜‚,neutral,neutral
"Beetle juice three times" Hahahaha,amusement,neutral
The headshot compilation was hilarious lmao,amusement,positive
The funny thing is he kills more people in John Wick Chapter 2, than he does in Chapter 3.,amusement,neutral
Ok, seriously, someone should make a spin-off that shows who's left to take care of all the assassination jobs after John Wick killed everybody.,approval,negative
"This enraged John Wick, who punished him severely.",neutral,negative
Wow, he categorised all the headshots ??

Also, if you want to know who has more fuel, at age 100 they will do their last film where they actually do a last man standing across the entire world...,surprise,neutral
Wesley Snipes.... He needs to be in the next movie,neutral,neutral
"While also teleporting sometimes"   LOL that line killed me! :),amusement,positive
I love the John Wick movies. Donâ€™t know why. Iâ€™m a raging pacifist. It worries me a little.  ğŸ˜³,love,positive
the Exploder headshot is definitely my favorite,love,positive
Never has violence looked so good,admiration,positive
Lol can't wait for part 4 the headshots are gona be through the roof!!,amusement,positive
Man...now I will have to watch all three again....,neutral,negative
Damn, now, I want to see Tom Cruise vs Keanu in a John Wick film. Thereâ€™s going to be a lot of cardio involved in that fight.,desire,positive
i love keanu...he REALLY can shoot like that ...i've watched his gun range videos! LOVE PRO GUN CELEBS!! LOVE DOGS...guns and dogs...best movies EVER!,love,positive
The fact that they even bothered to "blur" out parts of the headshots is... bizarre,neutral,negative
I looked up how long the clip would go, when they starred the first 4 head shots ... and was like, "yeah, we r gonna b here for a while".,neutral,neutral
"The chunky head shot" "The who even needs a gun headshot." lol,amusement,neutral
Don't mind me, just catching up before John Wick 4,neutral,neutral
That head shot montage was way accurate lmao.,amusement,positive
The antique weapon shop they fight in in John Wick 3 was my wedding venue.,neutral,neutral
Keanu is basically gun type while cruise is everything Ethan Hunt needs to be..the producers were having a deal with NASA and spaceX smhğŸ˜‚,neutral,negative
7:15 This hits home,neutral,positive
He's not immune he's just built up a resistance,neutral,negative
Unpopular opinion: Meet Joe Black is an awesome movie!,disapproval,positive
The 4th Chapter will be him taking out the politically incorrect in... John Woke.,neutral,neutral
The one thing missing from this trailer was the ammount of glass he goes through. Like how does he even have any skin left,curiosity,negative
Halle berry needs a spin off from the director cate shortland, perfect vibe,neutral,positive
John Which is actually a sequel of Matrix and Neo is still stuck in there,neutral,negative
THAT JOE BLACK JOKE, I'M DYINGGG LOOL,amusement,negative
If they did a Mission Impossible/John Wick crossover and had Ethan Hunt have to go after John Wick? It would make all the money.,neutral,neutral
Wherever this man goes he always be the glitch in the Matrix.,neutral,negative
I like how they talk about John Wick getting better at fighting and shooting but then show one of the dumbest gun scenes in the second movie why in the world would you press check a gun you clearly just Reloaded,love,negative
He puts a lot in the John wick movies, but was I don't wan who felt in the  Bill and Ted 3 His performance was really called in.,neutral,positive
"Dog woman" I see what you did there ğŸ˜œ. Smart and funny.,amusement,positive
Do a trailer for invincible...that show is awesome!!,admiration,positive
Best honest trailer ever,admiration,positive
John Wick vs Karl Urban's Dredd is the movie I really want to see.,desire,positive
The best part is that John's new dog survives,joy,positive
Now for John Wick 4, do a count of how many times he gets hit by a car and how many times he takes a fall,neutral,neutral
All this wouldn't have started if Wick just drove a Tesla,neutral,negative
he very understandably killed everyoneğŸ˜‚ğŸ˜‚,sadness,negative
John Wickipedia is underrated.,disapproval,positive
"The John Wickipedia"  lol good one! ğŸ˜‚,amusement,positive
This one is way too good. Omg,admiration,positive
This is perfection.,admiration,positive
Mission Impossible: John Wick

A cross over movie. There's jumping, planes, guns and immortality,neutral,neutral
Please, could you do an honest trailer for the Falcon and the Winter Soldier ? <3,curiosity,neutral
that part in meet joe black is so out of place. hahaha love it.,amusement,positive
Me: Nothing could improve a list of wacky names for headshots.

Georges Bizet: Hold my toreador.,neutral,negative
By order of the Peaky fookin Blinders, we need an honest trailer for it.,neutral,neutral
The tunnel scene in John Wick 2 reminds me of playing the original N64 Goldeneye with the handicap turned all the way up.  I could flail wildly around and still kill somebody.  God I sucked at that game.,disappointment,negative
Keanu is an immortal.,neutral,positive
The best part of Meet Joe Black was the Phantom Menace trailer.,joy,positive
The headshot count was best, can't stop laughing,amusement,positive
The underwater mic was a nice touch.,admiration,positive
the headshot part is golden,neutral,positive
0:46 - Vague reasons? He's being hunted by virtually every Hitman/Hitwoman who is near him. It's kill or be killed. Part 3 is the only chapter where, at any point, he's not killing because he wants to. He HAS to.,neutral,neutral
I feel like John Wich is a genre now and Nobody is the first entry to that genre,neutral,neutral
The only thing I had "Under The Table" growing up was a dog and food that I shared with it lol,amusement,neutral
I swear they are gonna tie this series to the Assassin's creed series.,neutral,positive
I love the nobody movie. Reverend Jim with a shotgun is the best thing I've seen all year.,love,positive
You've shown so many "shots" this vid needs a rated R! ğŸ˜‚,neutral,positive
this might be the funniest honest trailer.,amusement,positive
Poorpheus got me dead.,sadness,negative
The best part of Meet Joe Black!  Take a bow on that line without a Claire Forlani head shake for relevance reference,admiration,positive
Poorpheus. Boy that made me chuckle.,amusement,positive
The breathtaking sequels,excitement,positive
"Allez Cuisine!"  Thank you for that Master Chef reference!,gratitude,positive
Christ on a bike, this movie has more headshots than a Resident Evil game.,neutral,neutral
...whose name is just a laxative for criminals. That killed me,sadness,negative
Aw, man, don't bag on the somellier scene! One of my favorites!,love,positive
He never mentioned how John Wick stole that falling off the roof move from Wile E Coyote,neutral,negative
The under water headshot mumbling really got me lol,amusement,positive
I felt the mercy kill headshot,neutral,positive
There should be an assassin in the 4th one that's so unassuming and totally incompetent seeming that they get the brief jump on Wick in some convoluted trap, just don't make it the obvious grandma kinda innocuous. Every other assassin seems to just have a look.,neutral,negative
6:02 - I busted out laughing when it sounded like he said this under water...,amusement,positive
Keanu will soon be the new Chuck Norris,neutral,neutral
Love a rogue hot rod reference,love,positive
We all want to see a The Clone Wars TV trailer next week in time for The Bad Batch. May the 4th be with us all!!,desire,positive
It's time to do The Falcon and The Winter Soldier!,neutral,positive
I feel like John Wick is the extension of Neo in another matrix world lol.,amusement,neutral
You guys should really do a Darkman honest trailer!,neutral,positive
â€œand getting him some kind of immunity of getting run over by carsâ€

â€œWho has more left in the tank Keanu or Cruise my money on toms that man freaks me outâ€,neutral,negative
Boom Headshot, I can do this all day Headshot! The Headshot part could go on forever. U named every shot, this must get an Oscar for naming Headshots.ğŸ˜‚,approval,positive
I just realized that John Wick is just a classier Deadshot at the end. Maybe he actually is Deadshot, after finding love and retiring.,realization,neutral
Imagine saying "spinning headshot" instead of 360 NO SCOPE,neutral,negative
Who even needs a gun headshot is my favorite!,love,positive
Poorpheus killed me hahaha,amusement,positive
I heard a rumor that The Umbrella Academy is going to be the next Honest Trailer!,neutral,neutral
That cross-movie "Guns. Lots of guns," sync... has covered...a multitude of Sins, let us say.,neutral,negative
"A Spy and His Dead Dog". Best title mashup ever.,admiration,positive
Lol this was great â€œunderwater headshotâ€ haha,amusement,positive
ğŸ¤£ğŸ¤£ğŸ¤£ğŸ¤£ and in John Wick 3, he will kill so many people for such vague reasons, you start to wonder if vengeance-fueled murder sprees aren't just his very specific fetish.....See Mafia guy gets it...that dead dog was just the excuse he was waiting for ğŸ¤£ğŸ¤£ğŸ¤£ğŸ¤£... that part knocked me out...,neutral,negative
â€œ...Extreme amounts of table mannersâ€ ğŸ¤£,neutral,positive
the chapter 3 title artist must've loved silicon valley,love,positive
Finally! Thank you about the Meet Joe Black comment. Someone said it.,gratitude,positive
Next week is May the 4th! Are you going to make an Honest Trailer for the _Clone Wars_ TV show?,curiosity,neutral
In John wick 2 , 1 in every 10 new Yorkers is employed by the mob. In John wick 3 that number increases to 1 in 5,neutral,neutral
"Even the homeless are a highly trained network of super spies"
Nah bro, that's just Pimento.,neutral,negative
You should do an Honest Trailer for Another Round.,neutral,neutral
Still waiting for Falcon and the Winter Soldier.,neutral,neutral
Don't know why but I'm convinced John Wick is a training program for Neo...,confusion,neutral
a return to form this was the best Honest trailer i have seen in a long time,admiration,positive
We need a Keanu+Cruz fight,desire,neutral
Do a supernatural series honest trailer itâ€™s going to be hilarious ğŸ˜‚.,amusement,positive
Oh my god the â€œlorum ipsum â€œ got me,surprise,positive
Hey, Claire Forlani doing her O face in Meet Joe Black  was pretty good,admiration,positive
Now you need to do a trailer for meet joe black...,neutral,neutral
I knew there were a lot of head shots in these films but God damn,annoyance,negative
I loved Meet Joe Black ğŸ˜‚,love,positive
The long list of headshots! I thought they would not end! Lol.,amusement,positive
Somehow John Wick: Lorem Ipsum got the biggest laugh out of me. But I am a huge history nerd. Who loves guns. Lots of Guns.,love,positive
Personally, I like to believe that John Wick lives in a universe where the underworld actually runs the whole world!! That's the only explanation!!,approval,positive
"The John Wickapedia Shot" is my favorite,love,positive
I was wondering how long it would take to get an Iron Chef reference.,surprise,neutral
You didn't even mention how many bullets were in single clips. There was a scene I watched very carefullly and counted over thirty shots without a single reload.,neutral,negative
I love the underwater headshot,love,positive
"Whether we like it or not, we're stepping into a war with the table.",neutral,negative
Wait, he teleports, kills people, and can't be killed no matter what? He's a talking Jason Voorhees without the hockey mask. ğŸ˜‰ğŸ˜‚ğŸ¤£,neutral,negative
Oh come on.....everyone knows Wick was using aim bots.  ğŸ˜‚ğŸ¤£,approval,neutral
You got me with the Hot Rod quote.,neutral,positive
My favorite part: the underwater headshot,love,positive
6:03 The "This killed me with laughter" headshot.,amusement,positive
I freaking got that car warranty solicitation spam call while watching this!,anger,neutral
What he said about Meet Joe Black is definitely true...,approval,neutral
Lost it at the final title,disappointment,negative
Karen hair? No, no. Karen hair is shorter, like Captain Marvel's haircut in Endgame or something.,disapproval,neutral
my reaction to the honest trailers each week is one of these:
1. shock (aka how have u not made this already!)
2. denial (aka wtf is this?!)
3. withdrawal (aka girl I'm watching too many trailers!),neutral,negative
John wick has immunity to bludgeoning damage and resistance to non-magical attacks.,neutral,negative
John Wick is leveling up.,neutral,positive
John Wick 1 is excellent, a breath of fresh air into the genre, almost everything is on point; 2 is quite good; 3... way too exaggerated, imo... But, in the end, great franchise. Keanu is awesome.,admiration,positive
Not sure what else they can do in the next chapter.,confusion,neutral
Make an Honest Trailer for The Falcon/Captain America and the Winter Soldier,neutral,neutral
Assassin's always wait when they have a chance to end Wick! You won't get another chance ğŸ˜’ğŸ‘ŠğŸ»,neutral,negative
You get a like for the I Used To Love H.E.R. reference âœŠ,love,positive
6:38 The Blatant Overkill.. Yeah, that kind of overkill.,neutral,negative
Lost it with The Who even needs a gun headshot,neutral,negative
That was a missed opportunity to use an "I am the table" James hetfield meme,disappointment,negative
Splat-splat Brad is the best part of this trailer, too.,admiration,positive
What, no love in the comments for "Lorem Ipsum"?  That was the best laugh of the whole trailer!,amusement,positive
The headshots are justğŸ˜‚ğŸ˜‚ğŸ˜‚,amusement,neutral
I love you guys!!!!  And these moviesâ€¦.,love,positive
Y'all didn't know? John Wick is just Neo re-entering the matrix lol this has been our Matrix movie sequel all along ğŸ‘€,amusement,neutral
The headshot list is hilarious,amusement,positive
Please say "Mercy bears richer fruit than strict justice",neutral,positive
For your Mortal Kombat honest trailer, you should call Sub-Zero "Mr. Freeze" in the starring part,neutral,neutral
It kind of annoys me that John Wick's motivations are always reduced to it being about a dog, rather than the death of his wife and the desecration of her memory.,annoyance,negative
You should do Falcon and the Winter Soilder.,neutral,neutral
2:46 It's all about the table man, the sooner you know that the better off you'll be,neutral,positive
Please say: "This enraged his father, who punished him severely.",neutral,negative
Say in Uncle Iroh's voice, "If only I could have helped you".,neutral,positive
I don't understand why are you using the grand prix podium ceremony music  but it's hilarious ğŸ˜‚,amusement,positive
That headshot montage though,neutral,positive
I wonder who writes the scripts, some are genius,admiration,positive
â€œfor some reason gets better and shooting and fighting along the wayâ€, gee I wonder if itâ€™s maybe because first movie is him out of practice having been in retirement for years and the sequels being that heâ€™ slowly gotten back into practice ğŸ§,surprise,neutral
if you look closely before he gets hit he manages to either jump or get one of his feet in the air, not saying that justifies immunity, but you know,neutral,neutral
I was today years old when I learned that Iron Chef guy was shouting â€œAllez cuisine!â€,neutral,neutral
Honestly I hope they don't go on making too many sequels like fast and furious and regret it LoL,optimism,negative
In 3, the public literally watches guys get stabbed in a train station and steps over their bodies without flinching. People either absolutely donâ€™t care about open assassin warfare in their city OR some theory about the matrix is true OR this is all in Keanuâ€™s psychotic break dreams in a mental ward.,neutral,negative
Itâ€™s time to do Star Wars: The Clone Wars (TV show). Every Honest Trailer you have made has led you to this moment.,neutral,positive
The "Lift-the-lid" headshot jajajaja,neutral,neutral
I lost it at John Wikipedia ğŸ¤£,neutral,negative
Lmfaooo my money's on Tom, he freaks me out,amusement,negative
This was perfect ğŸ¤£,admiration,positive
LOVED the first film. John Wick 2 was alright, a lot more of the same. First half of John Wick 3 was great... but the last half was overly drawn out and tedious. I'm sorry to say I no longer look forward to more films. However, I am very interested in that Continental limited series.,love,positive
John Wick survives b/c Keanu Reeves is immortal.,neutral,positive
I think this is the most starring in an honest trailer.,admiration,positive
John Wick parabellum.  John Wick Lorem Ipsum. Legendary.,neutral,positive
"SAFE!!!!!".....Na Na Nana Na NağŸ˜›ğŸ¤£ğŸ¤£ğŸ¤£ğŸ¤£,neutral,negative
I *almost* spit water all over my computer at "Dak Slamhammer.",neutral,negative
The headshot gallery was amazing, wow,admiration,positive
The who even needs a gun headshot.... ğŸ˜‚ğŸ¤£ğŸ˜‚,amusement,neutral
Could you please do one about the snowpiercer series?,curiosity,neutral
When do we get a John Wick versus the IMF movie? ğŸ¤”,curiosity,neutral
John Wick: â€œBROS THINK IM FIGHTIN TO SAVE MY LIFE. BUT REALLY...I JUST LIKE TO FIGHT!â€,neutral,negative
jOHN WICK looks so realistic , it'll make you tired while watching,neutral,negative
Spinning headshot should have been 360 no scope headshot. I feel like I got head-shot by your missed headshot naming of the spinning headshot headshot.,neutral,negative
This was so funny!,amusement,positive
in john wick 3 he goes to all that trouble to find the head guy, swears a new allegiance and cuts off his finger...only to change his mind 10 mins later - also: glass room with glass stairs and glass cases with glass artifacts....hmmm, wonder what's gonna happen here?,curiosity,negative
Dogwoman and John Wickipedia killed me,neutral,negative
"Sir-y"  and "national basketball assassination"  ğŸ˜­ğŸ˜‚ğŸ˜‚ğŸ˜‚ğŸ˜‚ğŸ˜‚ğŸ’€,neutral,negative
Tom Cruise would make an insane assassin.  Send him up against John Wick, give him a cool gun like a USP or something.,neutral,negative
Whatâ€™s worse, shaking off a car accident or treating being unconscious for hours like you were napping?,annoyance,negative
This one was a good one. Lmaooooo,admiration,positive
You didn't mention that the assassins used Commodore 64's to get their global messages out to the phone network.,neutral,neutral
the exploder chunky style got me,neutral,positive
I need the Community honest tv trailer. Come on guys.,desire,neutral
I'm pretty sure this franchise is Peta approvedğŸ˜‚,approval,positive
The only guy In the world who matches the energy with Putin and Chuck Norris...,neutral,positive
The "John Wickipedia" is my favorite :),love,positive
This is the best one yet,admiration,positive
"I know gun fu."

Show us.  Like for six or seven hours.,neutral,neutral
Ok, I never put the Karen haircut & demand to see the manager together. ğŸ˜‚,disapproval,neutral
I swear the plot gets more ridiculous every movie and we'll get to the point where he's either going to fight Aliens and Predators or it will be revealed that he also lives in the Matrix. Would still watch them tho.,amusement,negative
Please do a trailer for Short Circuit.
Also, please say, in your Epic Voice, "Hey, laser lips! Your momma was a snow blower!",neutral,negative
Please do an Honest Trailer for The Clone Wars!,neutral,neutral
I literally only watched the second one for Ruby Rose and literally skipped bits of the movie to get to her parts lol,amusement,neutral
Loving the types headshots ğŸ˜‚ğŸ¤£,love,positive
They didn't acknowledge that Keanu actually did a sequel trilogy that doesn't suck. The honest trailer people mentioned that in the first trailer for this franchise,neutral,negative
Thanks for the summary!,gratitude,positive
Man, that table must have so much power. What do they put on it? Golden chalices?,admiration,positive
how many assassins saw john wicks name come up on their phone and just went "nah, im good",neutral,neutral
The names were the best on this one!,admiration,positive
But Da Vinci designed the Assassins Blade in AC 2 so that you don't need to cut your finger -  2:45.,neutral,neutral
Please say: â€œI have been trying for five years to get the epic voice guy to say something and nothing! Iâ€™m going to go all Glenn Close on you and boil your bunny. I will not be ignored, epic voice guy.â€,neutral,negative
This one is amazing,admiration,positive
Fantastic name for Laurence Fishburne. Also nice music reference for Common..lol,admiration,positive
"...laxative for criminals." LOL,amusement,negative
ok but Charon is the backbone of this franchise !! like give me a Charon Series!!,neutral,positive
I watch that part of meet Joe black just like that, over and over,neutral,neutral
Do an Honest Trailer for My Little Pony: Friendship is Magic,neutral,positive
HOW MANY HEADSHOTS DOES THIS TRILOGY NEED?!!!!,curiosity,negative
Just so you know, his car is a 69 Boss 429. One in good shape sells for 250k at the minimum. 
That is if you can find one of course.,neutral,neutral
epic voice guy knows better than to say beetlejuice three times.,neutral,positive
When Winston is getting done, it will be Boomer Headshot,neutral,neutral
I am watiting for John Wick 4 so i can see a honest trailer of it,neutral,neutral
Do Mortal Kombat 2021 and say "Finish Him!",neutral,neutral
This is awesome!!!,admiration,positive
This is magic.,excitement,positive
Honest Trailers its about time you compiled the head shot catalogue.... haha "the underwater headshot",amusement,neutral
That was good. 
Iâ€™ve noticed how ridiculous the movies keep getting.. but I love Keanu so let him get ridiculous.,love,positive
Can we please get an Honest Trailer for Bohemian Rhapsody? Thanks.,gratitude,neutral
Do How I Met Your Mother please?,curiosity,neutral
Cuando le van a dar trabajo de nuevo a la voz de TrÃ¡iler Honesto espaÃ±ol, lo extraÃ±o y muchas de las mejores pelÃ­culas no tienen trÃ¡iler Honesto en espaÃ±ol.ğŸ˜…ğŸ˜…ğŸ˜…ğŸ™,neutral,negative
It was all great, but Lorem Ipsum was a head-shot.,admiration,negative
This is one of the best. ğŸ¤£,admiration,positive
"The Mercy Kill Headshot" LMFAO!,amusement,positive
Tom is a real actor.,admiration,positive
5:25 John Walker: what's with all of the headshot,neutral,neutral
This trailer was legit rated R lol,amusement,positive
Tom vs Keanu?
Tom can run. A lot. He'd run from Keanu.
Keanu ...headshot.,neutral,neutral
Next movie have the villain be played by Dave Grohl and be named the Fool Fighter.,neutral,neutral
XD the headshots compilation was amazing,admiration,positive
oh my god i laugh a lot at headshotsğŸ˜‚,amusement,positive
"Senang bertemu Anda!" Is this the 1st time an Indonesian speaks Indonesian in an Honest Trailer?

One Honest Trailer for The Raid please ğŸ™,curiosity,positive
How about every Vincent Price movie for your next spooky honest trailer!,neutral,positive
The music was an epic touch!,admiration,positive
John Wick: Lorem Ipsum. I fell off my chair laughing,amusement,neutral
I had that Lorem Ipsum joke years back, but you guys own it now because, you know, copyright. Well played.,amusement,positive
If you only knew how big John Wick is in South Africa.,neutral,neutral
"for such vague reasons" they're literally all hunting him down?,neutral,negative
Underwater headshot + with that voice made laugh way harder

Lorem Ipsum xD,amusement,positive
Keanu is great, but Cruise is fucking insane.,admiration,negative
Really I believed in chapter two
When D'Antonio runs to the continental at the end
'Nyah nyah nyah nyah
You can't kill me',neutral,neutral
They should just rename the series â€œKeanu Reevesâ€ and label it a documentary.,neutral,neutral
And now you know why they put him in Fortnite because everyone hoped it would get up their head shot count.,neutral,negative
Please say: "When there's no cops around, anything's legal!",neutral,neutral
Still a better Wicker Man than Nicolas Cage.,admiration,positive
Can you guys give us falcon and the winter soldier honest trainer already?,curiosity,neutral
Should have included pencil story too..,neutral,neutral
Seems like half the runtime of John Wick movies is him changing clips. I know we always complain when movie guns never run out of bullets, but it seems they overcompensated a bit...,neutral,negative
if only john wick had done teabag too,neutral,neutral
In honor of the late, great Shock G, please say "I once got busy in a Burger King bathroom",neutral,neutral
Best honest trailers. Just for the headshots,admiration,positive
The headshots were awesome,admiration,positive
The head shot at 06:23 is also called the Call of Duty head shot...,neutral,neutral
Car: Continuous failure to Isekai John Wick.
Truck-kun: *Fine, I shall do it myself.*,neutral,negative
"Poorpheus" !!! ğŸ˜‚ğŸ˜‚ğŸ˜‚,sadness,positive
Week 85 of asking for a Netflix Daredevil honest trailer.,neutral,neutral
That's a lot of headshots ğŸ”¥,neutral,positive
I love allllllllllll the head shots,love,positive
Uhm, up to this point i'm wondering why did he needed that Russian mob boss from the 1st movie's permission to leave his assassin life behind when he got married. Also, i'm suspecting he's using aimbot.,surprise,negative
One of your best ever!,admiration,positive
I watched tooooo much. ğŸ¥°ğŸŒ¹,admiration,positive
Finally, and they showed my name too ğŸ˜,neutral,positive
Do the new mortal kombat pls, i love the videos we need alot moreee <3,love,positive
The headshots are legendary lmaaaaaao,amusement,positive
he makes the best movies . ...... hey can do one for that movie nobody same director was awsome too,admiration,positive
John Wick 1 was good. Even with the silliness, it somehow made sense. There was just enough complexity for you to be curious about the assassin universe.

But in 2 and 3, it just gets blown outta proportions to the point that now it just looks stupid.

I hope 'Nobody' doesn't do the same crap but these greedy Hollywood execs most probably will. They just don't know when to end a good thing.,curiosity,negative
i love the headshot extra ...am i wrong,love,positive
Please do falcon and winter Soldier honest trailer please do good ğŸ™,caring,positive
Yeah, that always bothered me that this network of assassins is so vast, yet completely secret...Please.,disappointment,negative
One is stuck playing the impassioned protagonist in oneâ€™s Subjective Narrative of SelfğŸˆ,neutral,neutral
Please say, "Having fun isn't hard, if you have a library card.",neutral,neutral
I heard Keanu would LOVE a Sense8 HT!!! PLEASE DO SENSE8,love,positive
Honest Trailers for Falcon and the Winter Soldier? Or wait, Captain America and the Winter Soldier!,neutral,neutral
"John Wick Chapter 3: Lorem Ipsum",neutral,neutral
And that was only 1% of the actual kills.,neutral,neutral
John Wick. This generations Chuck Norris.... with less chuckkondo knockouts and more head explosions.,neutral,neutral
3:06 after a long time i laugh,amusement,positive
This was the best!,admiration,positive
Just for this one ...I'll subscribe,neutral,positive
All right, listen up honest trailers. Next week is May the Fourth be with you. You better be doing Star Wars The Clone Wars. We've been begging and next week is the perfect day to do it.,neutral,positive
Lorem ipsum might be my favorite title joke so far,amusement,positive
John Wick is going to destroy the entire underworld by the time we get to the end of this franchise.,neutral,negative
That was hilarious,amusement,positive
Guys, we need an honest trailer for the soviet LOTR! This is a command!,neutral,neutral
You should do Shoot 'Em Up with Clive Owen,neutral,neutral
"whose got more left in the tank, Keanu or Cruise? My money is on Cruise, that guy freaks me out." (Video of Tom Cruise maniacally applauding)

Seriously, I had to pause the video at 4:57 to type this coz godamn it's funny AF ğŸ¤£ğŸ¤£ well done. 

OK back to the video,amusement,positive
To be fair he said it was a boss 429, probably around 300k,neutral,neutral
That was the good part of meet joe black!,admiration,positive
I know the Season finale of Invincible got released today...but please do Invincible!,neutral,neutral
Table-kun: know one ever asks how the table feels...ğŸ˜¢,sadness,negative
The lift the lid destroyed me,sadness,negative
I've never clicked so fast. This is amazing
'Allez Cuisine' lol,amusement,positive
Please do an honest trailer for the new Mortal Kombat.,neutral,neutral
Oh I love this guy!,love,positive
He literally said "three times". Madlad.,joy,negative
Did you really say his Stang is 50K TOPS?!?!?! Close to double that,curiosity,negative
' The dog women ' ğŸ˜‚,neutral,neutral
Invincible Honest Trailer NOW!!! I demmand it,neutral,positive
Compenising is my new favourite word,love,positive
I won't stop saying this in every video until you do this, DO SPACE BALLS!!!!!!!!!,neutral,neutral
The John Wickipedia is my new non-profit of choice,neutral,positive
Can you do Invincible? Since the show just finished its first season?,curiosity,neutral
Cruise does freak me out, I think it's the scientolog......ğŸ˜±,fear,negative
Please say "Why are we still here? Just to suffer. Â Every night, I can feel my legâ€¦ and my armâ€¦ even my fingers. The body I've lostâ€¦ the comrades I've lostâ€¦",sadness,negative
One of the reason why these trailers are so great has to do with that sexy manly voice.,admiration,positive
Damn I love these videos,love,positive
I want Keanu vs Tom Cruise in 4

Just saying......,desire,neutral
Do a trailer for the Castlevania anime!,neutral,neutral
All that talking about the table 2:44

It must be a fun table,joy,positive
Hey, could you make a honest trailer for Supernatural? I mean, come on, the meme potential converges towards infinity. AND the fandom is gonna come after you if you refuse. In the wise words of Sam Winchester, sorry, I mean Moose: We have guns and we will find you.,remorse,negative
Tom Cruise freaks out anyone with even a little sanity.,neutral,negative
Did Wick ever top his fabled pencil kill? 
1:03 He did headshot the goon here with his gun... but did it kill him?
Can i get some answers!? SERIOUSLY WHEN IS HE GOING TO ERASE A DUDE WITH AN ACTUAL ERASER!?,curiosity,negative
Please, make the "Invincible" series,desire,neutral
Honest Trailers usually is the smartest MSM film crit but I think they're missing the irony, satire, and humor here...? Kinda the bedrock and the meta of the whole franchise.,disappointment,negative
Do Invincible next!,neutral,positive
Screw getting work done. I'm here!,annoyance,negative
2 and 3 KILLED the mystery 1 setup  . ..,neutral,negative
Lorem Ipsum is a dummy or placeholder text. It's often used in laying out print, infographics, or web design. The primary purpose of Lorem Ipsum is to create text that does not distract from the overall layout and visual hierarchy.,neutral,neutral
The wild west headshot is like the cherry on top,neutral,neutral
Keanu should be used to being in a three-part series where the first was dope but the sequels kind of dragged...,neutral,negative
John Wick is in the Matrix universe.,neutral,neutral
Do Barry season 1 and 2 honest trailer.
Bill hader killed it,neutral,positive
I loved Joe Black!,love,positive
That little guy freaks me out, too; but, he is entertaining.,amusement,positive
Might be time for a Dexter honest trailer,neutral,neutral
Great one!,admiration,positive
What's that music playing over the "featuring headshots" sections? It's one of those, "I've definitely heard it before, but I have no idea the name" pieces.,confusion,neutral
John Wick 4 - John 1v1 against gatling gun.
John Wick 5 - John 1v1 against tank.
John Wick 6 - John 1v100 against his clones.
John Wick 7 - John 1v1 against God.
John Wick 7 - John 1vX against Hell.
John Wick 8 - John 1vX against Alien Invasion... financed by The High Table.,neutral,neutral
Yep those headshots' names are awesome haha,amusement,positive
Omg a song of the south would be EPIC,excitement,positive
Dang...that's a lot of headshots ğŸ˜,neutral,negative
Whatching this trailer is like listening to the "best of" any popular pop group... I don't need to see the movie now, thanks guys!,gratitude,positive
Think your best Honest Trailer so far was "Meet Joe Black" XD,neutral,positive
I miss movie fights,sadness,negative
I miss the days when these were less douchey and not tediously, grindingly repetitive.,sadness,negative
1:38 And for that reason alone, fourteen million dollars just ain't worth it. Anyone, maybe, but since it's John Wick you are better off staying home.,disapproval,negative
I'm running with my personal theory that the John Wick franchise has secretly been part of The Matrix franchise, and it's leading to the Matrix IV.,neutral,neutral
How about an Honest Trailer for "The Usual Suspects"?,curiosity,neutral
Do a honest trailer for The Office (US)!,neutral,neutral
I like the series but its hard to watch Keanu run. He runs like he's got bad knees.,love,negative
You forgot â€œThe Reloading Headshotâ€,neutral,neutral
I used to love him!!! ahahahah that was a good one !,love,positive
"National Basketball Assassination" ğŸ¤£ğŸ¤£ğŸ¤£,neutral,neutral
He hasn't been training for a bit, so a couple hundred fresh kills really hones that edge.n,neutral,positive
Please do Mortal Kombat. I can't wait.,excitement,positive
Underwater headshot was under...I mean unexpected!,surprise,positive
Since I know you're going to do it anyway and I want my name in the video, how about "Falcon and the Winter Soldier"?,curiosity,neutral
so hollywood finally made it's own CITY hunter eh?,curiosity,neutral
do one piece next its a number 1 best selling manga of all time and has 1,000+ episodes.,admiration,positive
Tom is only where he's at because of Xenu. Keanu doesn't need that, thus, he is more powerful than Tom.,neutral,neutral
It looks like someone wanted to produce marvel's Punisher but Marvel didn't allow him to.....,neutral,negative
Please do 2001: A Space Odyssey :3,neutral,neutral
I forgot that martial artist from the Raid and Raid 2 was in John Wick 2,realization,neutral
I was a cart pusher @ walmart. Never found john wick in my cart kinda sad now also what is the name of the classical music playing when it lists the starring headshots,sadness,negative
WE NEED SILENT HILL NEXT PLZZZ,neutral,negative
Do I hear "Les toreadors" in the background, that too during the headshot classifications? ğŸ˜†,curiosity,neutral
To be fair, when going up against a squad of SWAT teams on steroids who can take a shower in gunfire, you'd probably empty the remainder of your mag into their noggin to ensure they stay down.,neutral,negative
Do an Honest Trailer for Daredevil Netflix one.,neutral,neutral
DO Invincible! It's amazing!,admiration,positive
So strong with the wit from the get go!,admiration,positive
I wonder if the society in Gunpowder Milkshake is a spin off of the High table ğŸ¤”,surprise,neutral
No youâ€™re breathtaking!,admiration,positive
Can we have one for Nobody next?,curiosity,neutral
You obviously don't get it Keanu turned into Jesus in the Matrix . Now he's God in John Wick. LOL.,amusement,negative
1969 Boss 429 is worth waaaaay more than $50K.,neutral,neutral
1:08 funny thing I just noticed that last week ğŸ¤£,amusement,positive
Whoever makes the rules on what has to be censored and what doesn't must have the best job, since it's all just fucking arbitrary.,annoyance,negative
John Wick Chapter 3 ... Lorem Ipsum ğŸ˜‚ğŸ˜‚ğŸ˜‚,neutral,neutral
FYI, Boss 429 Mustangs can sell for upwards of $400,000. Not $50k !,neutral,neutral
They so need to use John Wick to end the Fast & Furious franchise in the next part.  Dom and the family get tapped to stop a corrupt South American government, but get double crossed by the Senator who approahed him.

   The Senator approaches the head of table, who then strikes a deal with Wick.  Eliminate Dom and his crew, and he is officially off limits and can go about his life.

     The Fast and the Assassainated,neutral,negative
that dog fight *CHEF'S KISSESSS*,neutral,negative
No mentioning of Jimmy, the smart cop.,neutral,negative
Meet Joe Black isn't that bad!!,approval,positive
Thatâ€™s a 69 boss 429 worth at least 200k,neutral,neutral
Please Do An Honest Trailer For H2O Just Add Water Please!,neutral,neutral
FYI para bellum is Latin, meaning prepare for war.,neutral,neutral
Meet Joe Black. 3 hours of my life down the drain. that scene really is the only worthwhile one.,neutral,positive
Beetlejuice 3 time ğŸ¤£ğŸ¤£ğŸ¤£.im dying,excitement,negative
I hate to be that guy but if the Mustang is a real Boss 429 with a paint job like he says, itâ€™s a 75k car easily,anger,neutral
man i have been doing terribly in writing my messages. My bad. Also, do an honest trailer on pokemon 3: spell of the unown!!!,disappointment,negative
Please say: "The plastic tips at the ends of shoelaces are called aglets. Their true purpose is sinister!",neutral,negative
Not to be a buzz-kill or anything but him killing ppl so they don't kill him first isn't vague.,neutral,negative
3:06 oh man I died,sadness,negative
One reason I stopped watching JW cuz other assassins will shoot at John Wick and missed just few meters away without him dodging.,neutral,negative
_Polar_ was better than the sequels.,neutral,positive
You should do Walker Texas Ranger.,neutral,neutral
John Wick is invincible and therefore cannot even be harmed by Honest Trailers: the movies are too aware of their own ridiculousness for a parody of the plots to be funny (so, yes, I suspect that 1/3 of NYC being involved in an assassins' guild that is also the world's most efficient government is meant to be silly), the fact that they'll make them until we're bored is pretty obvious (and it's pretty incredible that a concept this thin has somehow been fun for three movies), the throwback Matrix references are unapologetic fan service, and, well, the headshots are kinda what we came for? Points awarded, nevertheless, for "John Wickipedia.",amusement,negative
Shouldâ€™ve been the Halle â€˜Buryâ€™,neutral,neutral
Interesting how the sommelier is wearing a Nazi-era award on his lapel. I doubt there's any meaning behind it, it just looks cool.,admiration,positive
We always thought Hitman (video game) would be a good movie. We don't need it anymore since John Wick is just Agent 47.,neutral,neutral
"The Mercy-Kill Shot"
Me: *Shivers*,neutral,neutral
the corniest franchise...and I grew up watching The A-Team,admiration,negative
did they forget "through the wall" head shot?,neutral,negative
Everything was good except the Meet Joe Black put-down. It may be fashionable but it had great actor, great acting, and a "traditional" love story for plot. It's a sign of society when that's no longer appreciated.,admiration,positive
I missed at least 4 of those kills in the movie,disappointment,negative
The warzone headshot .,neutral,neutral
You forgot "Reload the fastest" headshot,neutral,neutral
I lost at underwater headshot,neutral,negative
Under the water headshots ğŸ˜­ğŸ˜­ğŸ˜‚ğŸ˜‚,amusement,neutral
Poorpheus ğŸ˜‚ğŸ˜‚ğŸ˜‚,sadness,negative
The John Wickipedia ğŸ¤£ğŸ¤£ğŸ¤£,neutral,neutral
Joe Black was a great movie.,admiration,positive
the exact moment my suspension of disbelief was unsuspended: 4:00,neutral,neutral
Do shadow and bone next please,neutral,neutral
The backhand ğŸ™Œ,neutral,positive
Please say "Crush your enemies, see them driven before you, and hear the lamentations of the women.",neutral,neutral
By the third it just got too ridiculous for me and I had to bow out.,annoyance,negative
The John wickapedia ğŸ˜‚ğŸ˜‚ğŸ˜‚ğŸ˜‚,amusement,neutral
Woah this looks like awesome,admiration,positive
that is a whole damn lot of headshots... oh my God!!!,surprise,positive
I canâ€™t tell if they like the movies and just despise them,confusion,negative
Please do â€œInvincibleâ€!!,neutral,positive
0:37. Yeah, Iâ€™d pretty much go after anyone who laid a finger on my dog, too.,approval,negative
Poorpheus. Im done ğŸ¤£,sadness,negative
1:54 The secret is to loosen up your legs,neutral,neutral
Didn't realize how many headshots they were till u pointed it out dam,realization,negative
So I know that was a joke but John wasnâ€™t after the car he wanted the picture and the card his dead wife gave him the was under the visor,amusement,neutral
God, these movies are basically 80% headshots...,neutral,negative
I really liked Meet Joe Black though!,love,positive
Make an Honest Trailer For Star Wars: The Clone Wars (TV Show) before Star Wars: The Bad Batch Releases!,neutral,neutral
I wanna learn who even needs a gun head shot, I need a horse,curiosity,negative
â€œpoor-pheusâ€ ğŸ˜‚,sadness,negative
What is Love for Dogs?! An Honest Movie Trailer for Night at the Roxbury is what!,curiosity,neutral
Aimbot still learns headshots from johnwick,neutral,neutral
Please say, coming this summer the best 2020 has to offer,neutral,positive
It's crazy how many little blurs Screen Junkies had to edit in just to satisfy youtube,excitement,negative
2:09 FOR THE WIN!,neutral,positive
Oh the tag part was so fucking funny,amusement,positive
Do Umbrella Academy!,neutral,neutral
Time to load me up some Doom 2016.,neutral,neutral
The come on in head shot!,neutral,positive
National basketball assassination ğŸ˜‚ğŸ˜‚,amusement,negative
So, you guys are going to do Invincible now, right? Do Invincible. Please,curiosity,negative
My hatred for humanity scales perfectly iverse with my love of dogs..,love,negative
"Poorpheus"  hahaha,amusement,positive
John Wickipedia. I just can't guys. I can't go on ğŸ¤£ğŸ¤£,disapproval,negative
One can, in fact, learn how to properly be hit by a car,neutral,neutral
funny AF !!,amusement,positive
"the john wickipidia"ğŸ˜‚ğŸ˜‚ğŸ˜‚ğŸ˜‚,amusement,neutral
THE HEAD SHOT SEQUENCE ğŸ¤£ğŸ¤£ğŸ¤£ğŸ¤£ğŸ¤£ğŸ¤£ğŸ¤£ğŸ¤£ğŸ¤£ğŸ¤£ğŸ¤£ğŸ¤£ğŸ¤£ğŸ¤£ğŸ¤£ğŸ¤£ğŸ¤£ğŸ¤£ğŸ¤£ğŸ¤£ğŸ¤£ğŸ¤£ğŸ¤£ğŸ¤£ğŸ¤£ğŸ¤£âœŒ,neutral,neutral
Yo I lost it at John Wickipedia,neutral,negative
lets get an honest trailer for Netflix daredevil,neutral,neutral
"The John Wikipedia" ğŸ˜‚ğŸ˜‚ğŸ˜‚,amusement,neutral
ProÄ aÅ¾ teÄ jsem si vÅ¡imnul, Å¾e v roli auditorky hraje MarkÃ©ta PekarovÃ¡- AdamovÃ¡???,neutral,neutral
Can you please do Dunston checks in?,neutral,neutral
Now do TWIN PEAKS!!!,neutral,positive
Who even needs a gun headshot. XD,neutral,positive
The mercy kill headshot 

Yes it was 
And the over kill both those,neutral,neutral
Still didnt watch the Lorem Ipsum yet, heard its good, everywhere on the internet people talk about it.,admiration,positive
Do "Handmaids Tale"!!!!,neutral,neutral
ğŸ˜‚ğŸ˜‚ğŸ˜‚ğŸ˜‚ poorpheus ğŸ˜‚,sadness,negative
3:07 .....that's it for meğŸ˜€ğŸ˜€ğŸ˜€ğŸ˜€ğŸ¤£ğŸ¤£ğŸ¤£,approval,neutral
Please do for Sharknado,neutral,neutral
Do (falcon and the winter soldier) next,neutral,neutral
The john Wikipedia 


ğŸ˜‚ğŸ˜‚ğŸ˜‚ğŸ˜‚,amusement,neutral
Please do falcon and the winter soldier,neutral,neutral
Please do Mortal Kombat (2021) next!,neutral,positive
Holy crap I had what I think is a genius idea. Do an honest trailer for horrific YouTube channel. This could be a new thing. I'm laughing so hard I think I'm going to throw up just thinking about it,amusement,positive
"Poorpheus" ğŸ˜‚,sadness,neutral
Can you guys do "Invincible" honest trailer ?,curiosity,neutral
Honest trailer is under the table...,neutral,neutral
Do the G.I.Joe movies!,neutral,neutral
John wick 4 is coming next year,neutral,neutral
Tom cruise,that guy freaks me out ğŸ¤£ğŸ¤£ğŸ¤£,annoyance,positive
You forgot to include
"Your are empty, so are you" headshot,neutral,negative
James Hetfield: "I AM THE TABLE!!",neutral,neutral
Please!! do SEE TV series!!,neutral,neutral
The underwater headshot,neutral,neutral
So when we are getting NOBODY honest trailer?,curiosity,neutral
National basketball assassination, I am dead,sadness,negative
The Mortal Kombat movie for an upcoming Honest Trailer.,neutral,neutral
Lorem Ipsum should be Chapter 4's title,neutral,neutral
Do Mortal Kombat next!,neutral,positive
since everyone is an assassin then dogs may be more important here cuz u cant trust any humans,neutral,negative
PoorpheusğŸ˜‚,sadness,negative
Crossover Idea:
Tom Cruise's next Mission Impossible is to take down John Wick!!!
Who wins?,curiosity,neutral
Nice job,admiration,positive
Pls do honest trailer for boss level, its like a GTA movie,neutral,neutral
National Basketball Assassination ğŸ˜‚,sadness,negative
The come on in ğŸ¤£ğŸ¤£,neutral,positive
that's f_amazing!!! thanks!,gratitude,positive
The guy is literally using aim bot .. no one is banning him from the server,neutral,negative
2:08 them cars was not that bad. I've taken more of a beating in a day skateboarding/mountain biking..,approval,negative
Please make falcon and winter Soldier honest trailer good,desire,neutral
Do an Honest Trailer for Hackers (1995) you hapless technoweenies! ğŸ˜‰,neutral,positive
ABOUT DAMN TIME MAN,neutral,negative
yâ€™all gotta do invincible,neutral,negative
National basketball assassination. I lost it,sadness,negative
Allez Cuisine slayed me hahahahahaha,amusement,positive
Hey idk if youâ€™ve heard of it but do Ghosts of Mars!,confusion,neutral
The john wick Wikipedia ğŸ˜‚ğŸ˜‚ğŸ˜‚ğŸ˜‚,amusement,neutral
Please do NOBODY starring â€Bob Odenkirk!!!,neutral,negative
Lorem Ipsum...Genius comedy :D,amusement,positive
Please say: â€œIf Mortal Kombat 2021 is the reboot of the franchise finish me now.â€,neutral,neutral
Make The Falcon and The Winter Soldier!!!!,neutral,neutral
fak i cant stop laughing at these headshots,amusement,positive
Spot on with this lol.,amusement,positive
You should say â€œpeople only watch this because my voice",neutral,neutral
Please make a Honest Trailer of "Nobody".,neutral,neutral
Please make Nobody! John Wick meets Home Alone,neutral,neutral
"The mercy kill headshot",neutral,neutral
The disrespect in this video! John wick 4 tho ğŸ’¥ğŸ’¥,annoyance,negative
I'm desensitised to headshots after this video,neutral,negative
"John Wick: Lorem ipsum" ğŸ˜‚,neutral,neutral
John Wikipedia And Poorphus ğŸ¤£,neutral,neutral
Falcon and the Winter Soldier honest trailer!!!!!!,neutral,neutral
Can anyone tell me the name of the soundtrack played at 4:17 ?,curiosity,neutral
please say "ones who break their contracts shall suffer the wrath of the rock",neutral,negative
Do Mortal Kombat next!!,neutral,positive
when can we get john wick 4????ğŸ˜®ğŸ˜®ğŸ˜®,curiosity,neutral
You have to do Mortal combat!,neutral,neutral
Please say:"If bedbugs lives in bed then cockroaches lives in.....(GASP)"in Optimus prime voice,neutral,neutral
It's the head shots for me,neutral,neutral
I wouldn't mind be Halle Berry'ed.,neutral,positive
Can you do an honest trailer for Hamilton?,curiosity,neutral
Do A League of Their Own,neutral,neutral
Make an honest review on Bob Odenkirk's *Nobody*,neutral,neutral
Seriously guys? He kills people in chapter three for "vague reasons"?? He kill people who are trying to kill him. Pretty simple,neutral,negative
I hope John Wick 4 is the last one.,optimism,neutral
A Honest Trailers on a Honest Trailers?,neutral,neutral
I remember this one honest trailer that had something clever in it. Or was it something interesting? I forget, but this isn't it.,confusion,neutral
...What about the PENCIL headshot ?,curiosity,neutral
"You see rats with wings, but I see the internet."  So, IPoAC?,neutral,neutral
POOR PHEOUS LMAO,amusement,negative
The mercy kill headshot,neutral,positive
PoorpheusğŸ’€ğŸ’€,sadness,negative
Do the godfather honest trailer please,neutral,neutral
there's no kill quite like overkill,neutral,negative
John Wick vs Jason Bourne in a Mission Impossible movie. While Liam Nissan has been taken.
The after let's watch RoboCop and the Terminator fight.,neutral,neutral
All headshot got names ğŸ˜‚ğŸ˜‚ğŸ˜‚ğŸ˜‚,amusement,neutral
Do netflix's dark series honest trailer please please please,neutral,neutral
Please say, "Chancho, when you are a man, sometimes you wear stretchy pants, in your room. It's for fun.",joy,neutral
Do the Mariachi trilogy,neutral,neutral
so the praitors are in full control and make it look like there is left and right are fighting,neutral,negative
Still waiting for clone wars,neutral,neutral
Honest trailer for Falcon and the winter Soldier,neutral,neutral
Is that Boban macjonovic, the NBA player from the Mavericks, I'm actually getting a closer look for the first time.,neutral,neutral
Can you do bill and Ted face the music please,neutral,neutral
Fantastic.,admiration,positive
Do the falcon and the winter soldier,neutral,neutral
Can you do Sponge Out of Water next xD,neutral,positive
Please say, "Reloading, cover me!",neutral,neutral
I was gunna watch John Wick 2 on Peacock before watching this honest trailer, but it's no longer there...,neutral,neutral
those headshots..hahaha... john wick 4??,amusement,neutral
What was the sad john wick movie they showed
Edit: found it, it's called nobody,sadness,negative
3:07 "nya nyanya nya nya "ğŸ˜‚ğŸ˜‚ğŸ˜‚ğŸ˜‚ğŸ˜‚ğŸ˜‚ğŸ˜‚,neutral,neutral
When are you going to do nobody? You teased it in the beginning please bring it already!,curiosity,negative
â€œLoren Ipsumâ€ is placeholder text, it purposefully has no actual meaning. 

Usually used so web designers can judge a graphic layout without letting the meaning of the text drawing the eye influencing design.  

So I guess the joke works on a couple of levels. 

Putting those graphic design degrees to work are we lads?,amusement,neutral
You didn't mention always double tap !,neutral,negative
Dude, John Wick and Ethan Hunt team up.,neutral,positive
Do Mortal Kombat !ğŸ˜,neutral,positive
Please say, "I too, once bounced",neutral,neutral
Everyone Go Watch Meet Joe Black Immediately!!!!!! Hahaha,amusement,positive
Gun-fu is invincible,neutral,negative
Do Invincible!,neutral,positive
"Loren Ipsum" LMAO,amusement,neutral
Peter Serafinowicz but no Kitchen Gun...,neutral,neutral
3:03 HILARIOUSSSSSSSSSSSSSSSSSSS lol,amusement,positive
I think neo is stuck in the training program,neutral,negative
do a honest trailer of Godfather,neutral,neutral
A laxative for criminals ğŸ˜‚ğŸ¤£ğŸ˜‚ğŸ¤£ğŸ˜‚ğŸ¤£,neutral,negative
both sides got played Joe Wick,neutral,neutral
Better do the new Mortal Kombat bruh,neutral,neutral
That guy freaks me out ğŸ˜‚ğŸ˜‚ğŸ˜‚,amusement,positive
So much of HEADSHOTS!!!!!!,neutral,positive
Please do the of course I care disturbing movie,caring,negative
It's the headshots for me,neutral,neutral
The Halle Berry ğŸ‘ğŸ¤˜,neutral,positive
Can you do an honest trailer for Community, please like so they can see this,neutral,neutral
Extremely Sad dad in action ... Do a NOBODY,sadness,negative
You ever reviewed the movie "battleship" ?,curiosity,neutral
Hey Screen Junkies, can you please do an Honest Trailer of Superhero Movie 2008?,neutral,neutral
Do falcon and the winter soldier,neutral,neutral
i might not be the only one who typed in lorem ipsum into google after watching this,neutral,negative
What is the movie they call "John Wick with extremely sad dad energy"?,curiosity,negative
I really liked Meet Joe Black. :(,love,negative
Do Nobody trailer and rename it Home Alone : Adult Edition XD,neutral,neutral
John Wick Chapter 3: Revenge of the Dogs,neutral,neutral
Now do Disney's "Sky High", cowards!,annoyance,negative
do an honest trailer for mortal kombat 2021!,neutral,neutral
Boban was in this lol,amusement,neutral
I too, am a Hot Rod Connoisseur,neutral,positive
A man with Karen hair.......u can't write this stuff.....ha, u can. U did it.,neutral,negative
You should do one on the last of us,neutral,neutral
The starring sound like the Achievement,admiration,positive
Didn't talk about how they made Casablanca into a middle age arab town in chapter 3.,neutral,negative
Please say "This is my highest toned voice.",neutral,positive
The JOHN WICKipedia..,neutral,neutral
please please pretty please I need a JW 4 roast of the blind assassin,desire,negative
Please do on mortal kombat,neutral,neutral
Guns...Lots of GUNS!,neutral,negative
Quick! Someone make a Cyberpunk 2077 joke!,neutral,neutral
The cat is ... Under the table!,neutral,neutral
So I gather that John Wick is a mix between The Matrix and Mad Max?,confusion,neutral
Hey guys!!
Do honest trailer for "The Dictator" plssss!!!!!,neutral,neutral
Can you do The Last Unicorn review and The Thing?,curiosity,neutral
Do Justice League Unlimited,neutral,neutral
John Wicks mustang was a Boss 429 those can go upwards of $250,000 easy. They had it coming for stealing that beast,neutral,neutral
Say: "I think...we're very very close...to finding the missing linkTHERE-IT-IS!",neutral,positive
1. Lift the lid
2. The spinning head shot
3. The come on in,neutral,neutral
5:07 i just finished watching the final vol of RWBY the irony man wth,neutral,negative
lorem ipsum! I wonder how many of you got thatâ€¦ğŸ˜‚ğŸ˜‚ğŸ˜‚ğŸ˜‚,surprise,neutral
Just headshots the trilogy,neutral,neutral
"My money is on Tom",neutral,neutral
You forgot triple headshot,neutral,negative
please do willys wonderland,neutral,neutral
That's him, the one with Karenhair,neutral,neutral
Do vikings next,neutral,neutral
John Wick Chapter 4 â€” John Wick v Jack Reacher,neutral,neutral
we love who needs guns headshot,love,positive
It's called plot armor and main character immunity...like goku,neutral,neutral
Do Roadhouse!,neutral,positive
Do Invincible!!!!ğŸ˜­ğŸ˜­,neutral,negative
Punisher vs Wick vs Nobody... Who wins?,curiosity,neutral
Do oblivion pls,neutral,negative
@Honest Trailers, please make Mortal Kombat 2021 next,neutral,neutral
John wick is running a wall hack and aim bot cheat,neutral,negative
"Lorem ipsum" was a nice touch,admiration,positive
"Welcome to Assassine's World" - next season on Rick and Morty,excitement,neutral
Honest trailer for 2012 please,neutral,neutral
Falcon and the Winter Soldier Honest Trailers,neutral,neutral
Do PEAKY BLINDERS !!!!,neutral,positive
I am so confused about the point of these John Wick movies anymore,confusion,negative
Do Nobody next.,neutral,neutral
That's a lot of headshots,neutral,neutral
2:12
Lmao.,amusement,neutral
Do "Now You See Me",neutral,neutral
4:14 please tell me I'm not the only one hearing "com'pen*s'ating",neutral,negative
The John Wickapedia ahahahaa !!!,amusement,positive
I'm pretty sure this either isn't funny or has been done before--possibly both--but just to get it out of my head I'll request the following line-read: "If pi R square what am round?",confusion,negative
I was about to search meet joe black..thanks manğŸ™„,gratitude,positive
The new Mortal Kombat honest trailer pls!!!!!,neutral,neutral
But... but... they use real C64 computers!!,neutral,neutral
Loved John Wick, Loved John Wick 3,  John Wick 2 is good, not great.,love,negative
"The Exploder Chunky Style" XD,neutral,positive
Can you plizz do one on Nobody .. thatll be so ğŸ†’ neigh thats legitness....,neutral,negative
Please do â€œNobodyâ€,neutral,neutral
